品类,月份,库存量
category84,2022年7月,3689222
category225,2022年7月,3095300
category21,2022年7月,2379868
category42,2022年7月,2306150
category209,2022年7月,1864077
category254,2022年7月,1765556
category141,2022年7月,1709579
category65,2022年7月,959127
category153,2022年7月,893591
category20,2022年7月,874100
category40,2022年7月,844069
category2,2022年7月,811283
category164,2022年7月,798561
category276,2022年7月,658859
category60,2022年7月,639427
category308,2022年7月,605595
category197,2022年7月,584434
category279,2022年7月,583854
category102,2022年7月,561977
category87,2022年7月,545547
category130,2022年7月,537259
category323,2022年7月,515852
category243,2022年7月,454823
category259,2022年7月,450816
category237,2022年7月,389432
category30,2022年7月,388594
category166,2022年7月,338489
category280,2022年7月,337985
category95,2022年7月,336018
category109,2022年7月,333310
category245,2022年7月,331365
category263,2022年7月,323316
category266,2022年7月,307160
category313,2022年7月,300301
category32,2022年7月,296419
category48,2022年7月,265257
category283,2022年7月,257504
category61,2022年7月,247068
category195,2022年7月,245796
category299,2022年7月,241518
category223,2022年7月,233842
category86,2022年7月,226325
category15,2022年7月,207778
category161,2022年7月,206399
category262,2022年7月,200662
category185,2022年7月,194789
category203,2022年7月,191911
category200,2022年7月,189783
category29,2022年7月,185887
category282,2022年7月,182519
category58,2022年7月,176840
category191,2022年7月,176613
category242,2022年7月,175910
category183,2022年7月,175529
category128,2022年7月,174484
category104,2022年7月,172128
category190,2022年7月,169778
category250,2022年7月,168653
category325,2022年7月,166610
category286,2022年7月,165435
category240,2022年7月,160418
category44,2022年7月,147808
category148,2022年7月,144414
category77,2022年7月,141596
category72,2022年7月,140363
category198,2022年7月,138702
category196,2022年7月,136862
category93,2022年7月,132772
category151,2022年7月,131713
category247,2022年7月,127741
category12,2022年7月,127657
category47,2022年7月,124545
category62,2022年7月,123762
category316,2022年7月,121833
category136,2022年7月,120504
category248,2022年7月,116395
category17,2022年7月,116133
category89,2022年7月,111647
category285,2022年7月,110735
category35,2022年7月,108748
category160,2022年7月,104745
category97,2022年7月,100577
category16,2022年7月,96511
category51,2022年7月,91834
category267,2022年7月,91412
category154,2022年7月,89142
category287,2022年7月,89077
category121,2022年7月,87321
category253,2022年7月,87303
category135,2022年7月,86894
category143,2022年7月,81881
category307,2022年7月,80453
category73,2022年7月,79745
category293,2022年7月,79631
category236,2022年7月,76953
category80,2022年7月,76309
category297,2022年7月,76193
category226,2022年7月,76128
category103,2022年7月,75423
category107,2022年7月,75169
category56,2022年7月,73506
category232,2022年7月,73441
category273,2022年7月,72476
category184,2022年7月,71708
category146,2022年7月,70816
category124,2022年7月,69890
category46,2022年7月,69853
category165,2022年7月,66871
category173,2022年7月,63627
category45,2022年7月,62427
category122,2022年7月,59803
category138,2022年7月,58186
category208,2022年7月,56869
category205,2022年7月,56729
category321,2022年7月,55351
category241,2022年7月,53717
category281,2022年7月,53088
category169,2022年7月,52934
category275,2022年7月,51498
category33,2022年7月,50746
category322,2022年7月,50253
category152,2022年7月,47774
category8,2022年7月,46837
category28,2022年7月,46408
category324,2022年7月,44799
category171,2022年7月,44689
category85,2022年7月,43797
category239,2022年7月,42907
category303,2022年7月,42770
category43,2022年7月,41906
category296,2022年7月,41492
category49,2022年7月,39962
category233,2022年7月,39018
category194,2022年7月,38363
category318,2022年7月,36382
category256,2022年7月,35505
category79,2022年7月,34987
category27,2022年7月,34941
category13,2022年7月,34322
category252,2022年7月,34165
category38,2022年7月,33119
category26,2022年7月,32880
category258,2022年7月,31752
category105,2022年7月,31180
category140,2022年7月,30743
category295,2022年7月,30371
category118,2022年7月,29097
category114,2022年7月,28431
category163,2022年7月,27349
category215,2022年7月,26232
category300,2022年7月,24339
category78,2022年7月,21998
category88,2022年7月,21742
category70,2022年7月,20737
category156,2022年7月,19966
category238,2022年7月,19683
category94,2022年7月,19618
category228,2022年7月,19534
category268,2022年7月,19486
category137,2022年7月,19069
category157,2022年7月,19000
category63,2022年7月,17572
category108,2022年7月,16809
category292,2022年7月,16617
category116,2022年7月,15985
category127,2022年7月,15859
category261,2022年7月,15440
category214,2022年7月,15322
category257,2022年7月,15321
category227,2022年7月,15050
category271,2022年7月,15021
category91,2022年7月,14834
category174,2022年7月,14553
category25,2022年7月,13203
category284,2022年7月,13004
category211,2022年7月,12883
category100,2022年7月,12634
category90,2022年7月,12181
category251,2022年7月,12106
category176,2022年7月,12051
category34,2022年7月,11827
category123,2022年7月,11388
category22,2022年7月,11318
category19,2022年7月,10984
category272,2022年7月,10648
category178,2022年7月,10379
category64,2022年7月,10308
category74,2022年7月,10122
category182,2022年7月,9706
category53,2022年7月,9668
category18,2022年7月,9136
category180,2022年7月,8924
category110,2022年7月,8666
category311,2022年7月,8478
category158,2022年7月,8225
category201,2022年7月,7994
category218,2022年7月,7760
category172,2022年7月,7550
category75,2022年7月,7400
category111,2022年7月,7373
category144,2022年7月,7237
category189,2022年7月,7176
category204,2022年7月,7128
category76,2022年7月,6917
category1,2022年7月,6917
category246,2022年7月,6791
category305,2022年7月,6747
category306,2022年7月,6600
category5,2022年7月,6565
category222,2022年7月,6300
category290,2022年7月,6237
category333,2022年7月,6002
category150,2022年7月,5975
category120,2022年7月,5813
category224,2022年7月,5716
category168,2022年7月,5556
category277,2022年7月,5503
category4,2022年7月,5326
category132,2022年7月,5317
category186,2022年7月,5313
category67,2022年7月,5163
category177,2022年7月,4938
category320,2022年7月,4781
category125,2022年7月,4714
category229,2022年7月,4652
category188,2022年7月,4631
category230,2022年7月,4563
category270,2022年7月,4548
category147,2022年7月,4511
category231,2022年7月,4410
category101,2022年7月,4117
category347,2022年7月,3992
category264,2022年7月,3957
category302,2022年7月,3901
category98,2022年7月,3868
category14,2022年7月,3644
category340,2022年7月,3642
category117,2022年7月,3600
category112,2022年7月,3512
category155,2022年7月,3459
category139,2022年7月,3333
category289,2022年7月,3207
category39,2022年7月,3021
category312,2022年7月,2980
category99,2022年7月,2682
category278,2022年7月,2592
category23,2022年7月,2567
category301,2022年7月,2489
category202,2022年7月,2483
category175,2022年7月,2445
category59,2022年7月,2439
category162,2022年7月,2419
category335,2022年7月,2398
category106,2022年7月,2354
category92,2022年7月,2337
category129,2022年7月,2299
category113,2022年7月,2210
category96,2022年7月,2178
category81,2022年7月,2043
category145,2022年7月,2021
category341,2022年7月,2006
category3,2022年7月,1917
category68,2022年7月,1873
category217,2022年7月,1854
category298,2022年7月,1676
category69,2022年7月,1664
category220,2022年7月,1630
category126,2022年7月,1603
category11,2022年7月,1544
category310,2022年7月,1440
category66,2022年7月,1423
category349,2022年7月,1406
category206,2022年7月,1403
category134,2022年7月,1372
category342,2022年7月,1364
category234,2022年7月,1323
category327,2022年7月,1308
category57,2022年7月,1146
category304,2022年7月,1032
category235,2022年7月,985
category133,2022年7月,978
category255,2022年7月,903
category314,2022年7月,883
category350,2022年7月,837
category142,2022年7月,786
category119,2022年7月,752
category269,2022年7月,745
category199,2022年7月,707
category179,2022年7月,638
category10,2022年7月,632
category309,2022年7月,521
category244,2022年7月,519
category149,2022年7月,497
category24,2022年7月,396
category71,2022年7月,375
category6,2022年7月,372
category131,2022年7月,355
category317,2022年7月,313
category9,2022年7月,294
category343,2022年7月,269
category181,2022年7月,241
category338,2022年7月,237
category330,2022年7月,235
category265,2022年7月,234
category31,2022年7月,230
category36,2022年7月,199
category219,2022年7月,190
category193,2022年7月,187
category37,2022年7月,177
category221,2022年7月,171
category41,2022年7月,158
category334,2022年7月,152
category170,2022年7月,133
category294,2022年7月,122
category315,2022年7月,115
category319,2022年7月,110
category207,2022年7月,106
category115,2022年7月,90
category260,2022年7月,89
category337,2022年7月,88
category291,2022年7月,84
category83,2022年7月,78
category55,2022年7月,75
category216,2022年7月,67
category187,2022年7月,58
category348,2022年7月,57
category54,2022年7月,56
category328,2022年7月,55
category339,2022年7月,54
category332,2022年7月,47
category82,2022年7月,44
category331,2022年7月,43
category288,2022年7月,40
category344,2022年7月,38
category249,2022年7月,35
category212,2022年7月,33
category52,2022年7月,31
category159,2022年7月,25
category7,2022年7月,21
category346,2022年7月,20
category167,2022年7月,16
category192,2022年7月,10
category50,2022年7月,9
category213,2022年7月,9
category345,2022年7月,8
category274,2022年7月,6
category326,2022年7月,3
category210,2022年7月,1
category329,2022年7月,1
category336,2022年7月,1
category225,2022年8月,2799741
category84,2022年8月,2505403
category42,2022年8月,2436194
category141,2022年8月,1829109
category209,2022年8月,1778521
category21,2022年8月,1770288
category254,2022年8月,1592938
category153,2022年8月,894672
category20,2022年8月,739007
category65,2022年8月,679229
category2,2022年8月,652796
category276,2022年8月,607660
category40,2022年8月,603528
category279,2022年8月,560681
category164,2022年8月,550120
category197,2022年8月,531919
category60,2022年8月,521049
category87,2022年8月,511187
category308,2022年8月,484947
category102,2022年8月,435750
category130,2022年8月,416780
category259,2022年8月,405451
category323,2022年8月,393048
category243,2022年8月,391572
category237,2022年8月,358127
category109,2022年8月,336152
category95,2022年8月,321081
category32,2022年8月,291714
category30,2022年8月,285997
category263,2022年8月,278003
category280,2022年8月,262743
category48,2022年8月,257524
category299,2022年8月,247074
category166,2022年8月,240210
category86,2022年8月,239654
category313,2022年8月,237956
category283,2022年8月,233010
category245,2022年8月,229136
category61,2022年8月,226270
category223,2022年8月,212538
category79,2022年8月,203037
category128,2022年8月,202947
category15,2022年8月,192157
category77,2022年8月,189439
category183,2022年8月,188343
category262,2022年8月,186694
category266,2022年8月,183088
category242,2022年8月,181305
category282,2022年8月,171845
category195,2022年8月,170087
category200,2022年8月,159664
category286,2022年8月,158370
category104,2022年8月,157210
category185,2022年8月,157130
category137,2022年8月,156538
category29,2022年8月,155891
category240,2022年8月,152331
category203,2022年8月,151166
category44,2022年8月,148643
category161,2022年8月,141869
category191,2022年8月,137524
category303,2022年8月,134473
category63,2022年8月,129877
category89,2022年8月,128126
category325,2022年8月,125760
category151,2022年8月,125365
category58,2022年8月,124032
category247,2022年8月,122586
category316,2022年8月,119948
category72,2022年8月,119764
category47,2022年8月,118389
category250,2022年8月,116448
category190,2022年8月,114373
category17,2022年8月,104109
category12,2022年8月,103022
category198,2022年8月,102001
category35,2022年8月,101755
category196,2022年8月,99864
category136,2022年8月,98233
category93,2022年8月,95276
category248,2022年8月,95012
category205,2022年8月,91575
category16,2022年8月,91087
category285,2022年8月,90685
category135,2022年8月,89804
category267,2022年8月,88795
category62,2022年8月,84561
category287,2022年8月,83704
category188,2022年8月,83565
category253,2022年8月,83440
category97,2022年8月,81525
category160,2022年8月,78544
category232,2022年8月,76360
category293,2022年8月,76343
category236,2022年8月,74316
category80,2022年8月,74162
category297,2022年8月,74091
category103,2022年8月,73649
category124,2022年8月,73347
category73,2022年8月,71652
category154,2022年8月,70248
category107,2022年8月,70085
category51,2022年8月,69388
category56,2022年8月,67850
category121,2022年8月,67684
category307,2022年8月,65888
category226,2022年8月,65736
category46,2022年8月,65318
category273,2022年8月,65172
category165,2022年8月,63324
category45,2022年8月,62383
category143,2022年8月,62180
category28,2022年8月,58658
category192,2022年8月,56937
category138,2022年8月,55833
category184,2022年8月,55320
category208,2022年8月,53135
category33,2022年8月,52197
category321,2022年8月,51767
category169,2022年8月,51345
category146,2022年8月,50717
category322,2022年8月,50244
category173,2022年8月,47854
category275,2022年8月,46068
category122,2022年8月,45850
category281,2022年8月,44442
category171,2022年8月,43655
category152,2022年8月,43325
category324,2022年8月,43270
category241,2022年8月,43076
category85,2022年8月,42872
category182,2022年8月,39984
category8,2022年8月,39916
category296,2022年8月,37985
category24,2022年8月,37513
category13,2022年8月,35913
category27,2022年8月,34423
category194,2022年8月,33464
category318,2022年8月,32673
category256,2022年8月,32170
category233,2022年8月,31253
category258,2022年8月,31144
category49,2022年8月,30627
category43,2022年8月,30324
category38,2022年8月,30311
category140,2022年8月,30062
category26,2022年8月,29835
category105,2022年8月,29613
category239,2022年8月,29596
category88,2022年8月,29230
category295,2022年8月,29009
category71,2022年8月,28090
category114,2022年8月,27441
category163,2022年8月,27258
category215,2022年8月,26837
category252,2022年8月,23714
category118,2022年8月,21548
category70,2022年8月,21106
category268,2022年8月,20217
category94,2022年8月,18966
category311,2022年8月,18514
category157,2022年8月,18507
category300,2022年8月,18482
category261,2022年8月,17901
category257,2022年8月,17403
category108,2022年8月,17122
category227,2022年8月,16173
category214,2022年8月,14961
category78,2022年8月,14863
category156,2022年8月,14766
category91,2022年8月,14671
category238,2022年8月,14634
category127,2022年8月,14331
category271,2022年8月,14279
category228,2022年8月,14152
category64,2022年8月,13236
category176,2022年8月,13152
category25,2022年8月,12989
category90,2022年8月,12431
category178,2022年8月,12086
category174,2022年8月,11871
category123,2022年8月,11864
category110,2022年8月,11590
category100,2022年8月,11365
category229,2022年8月,10959
category272,2022年8月,10831
category22,2022年8月,10715
category211,2022年8月,10182
category76,2022年8月,9813
category34,2022年8月,9744
category251,2022年8月,9183
category284,2022年8月,8793
category116,2022年8月,8246
category18,2022年8月,8180
category75,2022年8月,8137
category74,2022年8月,7771
category292,2022年8月,7442
category158,2022年8月,7247
category218,2022年8月,7061
category189,2022年8月,7000
category129,2022年8月,6984
category246,2022年8月,6849
category201,2022年8月,6732
category277,2022年8月,6498
category1,2022年8月,6263
category305,2022年8月,6099
category5,2022年8月,6094
category333,2022年8月,6002
category224,2022年8月,5877
category222,2022年8月,5793
category53,2022年8月,5722
category204,2022年8月,5714
category120,2022年8月,5636
category172,2022年8月,5458
category264,2022年8月,5434
category4,2022年8月,5338
category111,2022年8月,5146
category125,2022年8月,4994
category67,2022年8月,4965
category186,2022年8月,4895
category168,2022年8月,4844
category144,2022年8月,4801
category306,2022年8月,4745
category340,2022年8月,4697
category290,2022年8月,4499
category14,2022年8月,4450
category231,2022年8月,4422
category3,2022年8月,4399
category147,2022年8月,4290
category230,2022年8月,4281
category180,2022年8月,4193
category177,2022年8月,4175
category150,2022年8月,4111
category98,2022年8月,4079
category132,2022年8月,4066
category320,2022年8月,3905
category155,2022年8月,3845
category117,2022年8月,3827
category81,2022年8月,3474
category302,2022年8月,3317
category139,2022年8月,3315
category23,2022年8月,3302
category270,2022年8月,3222
category112,2022年8月,3104
category101,2022年8月,3064
category39,2022年8月,3053
category19,2022年8月,2861
category347,2022年8月,2748
category289,2022年8月,2576
category312,2022年8月,2508
category278,2022年8月,2500
category99,2022年8月,2424
category148,2022年8月,2395
category11,2022年8月,2305
category301,2022年8月,2190
category113,2022年8月,2188
category96,2022年8月,2168
category92,2022年8月,2054
category220,2022年8月,2045
category175,2022年8月,1853
category346,2022年8月,1844
category126,2022年8月,1701
category298,2022年8月,1657
category217,2022年8月,1629
category350,2022年8月,1613
category335,2022年8月,1558
category162,2022年8月,1479
category68,2022年8月,1468
category69,2022年8月,1424
category310,2022年8月,1413
category202,2022年8月,1399
category179,2022年8月,1372
category145,2022年8月,1370
category314,2022年8月,1366
category134,2022年8月,1354
category341,2022年8月,1347
category106,2022年8月,1315
category59,2022年8月,1289
category349,2022年8月,1227
category66,2022年8月,1205
category206,2022年8月,1168
category133,2022年8月,1163
category234,2022年8月,994
category57,2022年8月,896
category327,2022年8月,891
category265,2022年8月,855
category235,2022年8月,846
category199,2022年8月,773
category269,2022年8月,761
category187,2022年8月,740
category142,2022年8月,679
category331,2022年8月,609
category119,2022年8月,608
category342,2022年8月,560
category255,2022年8月,511
category10,2022年8月,510
category244,2022年8月,505
category329,2022年8月,499
category319,2022年8月,468
category50,2022年8月,464
category304,2022年8月,443
category149,2022年8月,413
category52,2022年8月,412
category6,2022年8月,337
category9,2022年8月,317
category338,2022年8月,296
category317,2022年8月,289
category181,2022年8月,274
category343,2022年8月,266
category31,2022年8月,224
category330,2022年8月,206
category221,2022年8月,198
category193,2022年8月,196
category131,2022年8月,195
category55,2022年8月,182
category213,2022年8月,182
category41,2022年8月,181
category219,2022年8月,178
category37,2022年8月,172
category36,2022年8月,160
category309,2022年8月,156
category170,2022年8月,115
category291,2022年8月,108
category115,2022年8月,106
category334,2022年8月,91
category82,2022年8月,85
category288,2022年8月,75
category294,2022年8月,72
category326,2022年8月,64
category216,2022年8月,61
category348,2022年8月,57
category54,2022年8月,57
category344,2022年8月,55
category260,2022年8月,55
category337,2022年8月,54
category328,2022年8月,52
category339,2022年8月,50
category332,2022年8月,47
category83,2022年8月,40
category249,2022年8月,36
category315,2022年8月,30
category159,2022年8月,25
category212,2022年8月,24
category207,2022年8月,22
category274,2022年8月,18
category7,2022年8月,17
category167,2022年8月,16
category345,2022年8月,7
category210,2022年8月,1
category336,2022年8月,1
category42,2022年9月,2467824
category225,2022年9月,2448966
category84,2022年9月,2136638
category141,2022年9月,2036315
category21,2022年9月,1847483
category209,2022年9月,1601044
category254,2022年9月,1595692
category137,2022年9月,748353
category20,2022年9月,637292
category65,2022年9月,611954
category276,2022年9月,610063
category40,2022年9月,571117
category2,2022年9月,564418
category308,2022年9月,557901
category279,2022年9月,534198
category79,2022年9月,522950
category153,2022年9月,493190
category164,2022年9月,472104
category197,2022年9月,471573
category102,2022年9月,427502
category87,2022年9月,415760
category60,2022年9月,382527
category130,2022年9月,369601
category259,2022年9月,350105
category109,2022年9月,322865
category243,2022年9月,317793
category30,2022年9月,292506
category95,2022年9月,277628
category32,2022年9月,260469
category263,2022年9月,259403
category323,2022年9月,254461
category237,2022年9月,254400
category48,2022年9月,248771
category299,2022年9月,245248
category283,2022年9月,239658
category86,2022年9月,231655
category245,2022年9月,227127
category280,2022年9月,220331
category242,2022年9月,216790
category61,2022年9月,209476
category166,2022年9月,206928
category15,2022年9月,205495
category128,2022年9月,200200
category182,2022年9月,195249
category262,2022年9月,178344
category223,2022年9月,173045
category183,2022年9月,170529
category104,2022年9月,160584
category200,2022年9月,160125
category77,2022年9月,154353
category195,2022年9月,153263
category286,2022年9月,150093
category313,2022年9月,146078
category282,2022年9月,144640
category240,2022年9月,141368
category188,2022年9月,138858
category203,2022年9月,138783
category89,2022年9月,135744
category29,2022年9月,135354
category151,2022年9月,133537
category63,2022年9月,130409
category191,2022年9月,127152
category12,2022年9月,125522
category250,2022年9月,124691
category58,2022年9月,123616
category185,2022年9月,119883
category17,2022年9月,115388
category316,2022年9月,115173
category247,2022年9月,113367
category325,2022年9月,111572
category285,2022年9月,110799
category47,2022年9月,110456
category161,2022年9月,108428
category72,2022年9月,107509
category198,2022年9月,104400
category44,2022年9月,94166
category136,2022年9月,93988
category248,2022年9月,93614
category154,2022年9月,90082
category16,2022年9月,87679
category267,2022年9月,87081
category135,2022年9月,84333
category35,2022年9月,84009
category253,2022年9月,83729
category266,2022年9月,83669
category190,2022年9月,82010
category93,2022年9月,80304
category121,2022年9月,78193
category196,2022年9月,78094
category97,2022年9月,78034
category236,2022年9月,77743
category287,2022年9月,77213
category171,2022年9月,77045
category103,2022年9月,74250
category124,2022年9月,72500
category24,2022年9月,72347
category192,2022年9月,71164
category62,2022年9月,70566
category232,2022年9月,69558
category160,2022年9月,69363
category73,2022年9月,69031
category273,2022年9月,67482
category80,2022年9月,66330
category165,2022年9月,66243
category297,2022年9月,66134
category107,2022年9月,65821
category303,2022年9月,64923
category46,2022年9月,61245
category226,2022年9月,61026
category56,2022年9月,59876
category293,2022年9月,59758
category45,2022年9月,59677
category281,2022年9月,59615
category307,2022年9月,54014
category184,2022年9月,53549
category321,2022年9月,53505
category143,2022年9月,53145
category138,2022年9月,51387
category208,2022年9月,49346
category322,2022年9月,48794
category33,2022年9月,47020
category122,2022年9月,46530
category51,2022年9月,45600
category152,2022年9月,44576
category88,2022年9月,44328
category173,2022年9月,43104
category28,2022年9月,42848
category85,2022年9月,42684
category8,2022年9月,41850
category275,2022年9月,41304
category233,2022年9月,39760
category169,2022年9月,39466
category324,2022年9月,39368
category71,2022年9月,37163
category296,2022年9月,36359
category13,2022年9月,35288
category146,2022年9月,33850
category241,2022年9月,33690
category27,2022年9月,32780
category205,2022年9月,31673
category26,2022年9月,31052
category38,2022年9月,29483
category258,2022年9月,28724
category295,2022年9月,28124
category256,2022年9月,27765
category163,2022年9月,26929
category114,2022年9月,26500
category140,2022年9月,26174
category43,2022年9月,25861
category105,2022年9月,25826
category239,2022年9月,23770
category194,2022年9月,23455
category49,2022年9月,23121
category318,2022年9月,22987
category215,2022年9月,22787
category118,2022年9月,20892
category268,2022年9月,19966
category94,2022年9月,18886
category70,2022年9月,18148
category261,2022年9月,17552
category108,2022年9月,15557
category252,2022年9月,15553
category257,2022年9月,15497
category228,2022年9月,14966
category157,2022年9月,14888
category214,2022年9月,14491
category300,2022年9月,14484
category238,2022年9月,14333
category91,2022年9月,14304
category176,2022年9月,13905
category156,2022年9月,13632
category25,2022年9月,13064
category271,2022年9月,12875
category227,2022年9月,12812
category123,2022年9月,12440
category64,2022年9月,11941
category78,2022年9月,11941
category229,2022年9月,11805
category90,2022年9月,11671
category110,2022年9月,11550
category178,2022年9月,11364
category100,2022年9月,11342
category311,2022年9月,11191
category284,2022年9月,10854
category272,2022年9月,10814
category66,2022年9月,10738
category127,2022年9月,10734
category129,2022年9月,10224
category22,2022年9月,10033
category305,2022年9月,9346
category174,2022年9月,9250
category76,2022年9月,9201
category211,2022年9月,8759
category116,2022年9月,8746
category246,2022年9月,8151
category264,2022年9月,8124
category52,2022年9月,7528
category18,2022年9月,7140
category34,2022年9月,6949
category201,2022年9月,6808
category158,2022年9月,6776
category189,2022年9月,6542
category231,2022年9月,6490
category251,2022年9月,6179
category75,2022年9月,6087
category333,2022年9月,6002
category218,2022年9月,5978
category172,2022年9月,5938
category5,2022年9月,5882
category74,2022年9月,5817
category222,2022年9月,5757
category1,2022年9月,5705
category186,2022年9月,5643
category277,2022年9月,5532
category14,2022年9月,5339
category204,2022年9月,5236
category320,2022年9月,5181
category177,2022年9月,4930
category4,2022年9月,4896
category224,2022年9月,4881
category340,2022年9月,4795
category292,2022年9月,4703
category111,2022年9月,4609
category125,2022年9月,4561
category120,2022年9月,4524
category147,2022年9月,4484
category347,2022年9月,4427
category168,2022年9月,4324
category19,2022年9月,4311
category155,2022年9月,4194
category306,2022年9月,4136
category270,2022年9月,4007
category112,2022年9月,3904
category3,2022年9月,3876
category117,2022年9月,3834
category290,2022年9月,3782
category144,2022年9月,3710
category53,2022年9月,3694
category150,2022年9月,3694
category67,2022年9月,3653
category99,2022年9月,3604
category132,2022年9月,3557
category187,2022年9月,3519
category230,2022年9月,3328
category92,2022年9月,3278
category312,2022年9月,3271
category23,2022年9月,3238
category148,2022年9月,3184
category301,2022年9月,3139
category98,2022年9月,2920
category302,2022年9月,2915
category278,2022年9月,2709
category39,2022年9月,2510
category101,2022年9月,2333
category179,2022年9月,2331
category113,2022年9月,2205
category180,2022年9月,2151
category81,2022年9月,2107
category220,2022年9月,2040
category289,2022年9月,1949
category298,2022年9月,1869
category341,2022年9月,1626
category139,2022年9月,1612
category126,2022年9月,1600
category175,2022年9月,1582
category133,2022年9月,1527
category346,2022年9月,1471
category96,2022年9月,1445
category217,2022年9月,1416
category310,2022年9月,1406
category106,2022年9月,1370
category134,2022年9月,1352
category68,2022年9月,1334
category11,2022年9月,1261
category335,2022年9月,1250
category59,2022年9月,1179
category69,2022年9月,1173
category314,2022年9月,1045
category162,2022年9月,985
category349,2022年9月,959
category202,2022年9月,928
category235,2022年9月,904
category206,2022年9月,827
category331,2022年9月,812
category234,2022年9月,780
category57,2022年9月,726
category265,2022年9月,721
category199,2022年9月,720
category142,2022年9月,621
category119,2022年9月,598
category269,2022年9月,562
category319,2022年9月,509
category10,2022年9月,500
category329,2022年9月,493
category145,2022年9月,491
category244,2022年9月,489
category50,2022年9月,467
category327,2022年9月,416
category149,2022年9月,414
category342,2022年9月,379
category304,2022年9月,361
category181,2022年9月,355
category255,2022年9月,315
category350,2022年9月,308
category317,2022年9月,303
category6,2022年9月,246
category193,2022年9月,231
category338,2022年9月,230
category55,2022年9月,187
category343,2022年9月,183
category330,2022年9月,182
category219,2022年9月,180
category31,2022年9月,172
category37,2022年9月,168
category9,2022年9月,166
category213,2022年9月,160
category291,2022年9月,144
category115,2022年9月,136
category131,2022年9月,135
category309,2022年9月,129
category36,2022年9月,125
category221,2022年9月,124
category334,2022年9月,116
category83,2022年9月,92
category315,2022年9月,68
category260,2022年9月,65
category216,2022年9月,63
category328,2022年9月,63
category41,2022年9月,62
category294,2022年9月,59
category54,2022年9月,58
category82,2022年9月,58
category167,2022年9月,50
category339,2022年9月,49
category332,2022年9月,47
category212,2022年9月,37
category249,2022年9月,36
category344,2022年9月,33
category337,2022年9月,29
category348,2022年9月,29
category159,2022年9月,25
category210,2022年9月,24
category170,2022年9月,23
category274,2022年9月,19
category7,2022年9月,17
category288,2022年9月,17
category326,2022年9月,13
category345,2022年9月,11
category207,2022年9月,8
category336,2022年9月,1
category84,2023年1月,4421974
category21,2023年1月,4411095
category225,2023年1月,2966388
category42,2023年1月,2354761
category141,2023年1月,2260125
category254,2023年1月,1975639
category209,2023年1月,1326066
category137,2023年1月,1052907
category153,2023年1月,1035659
category20,2023年1月,860071
category276,2023年1月,842452
category2,2023年1月,790470
category40,2023年1月,716685
category87,2023年1月,707225
category102,2023年1月,705287
category197,2023年1月,657185
category65,2023年1月,628789
category164,2023年1月,578676
category308,2023年1月,565508
category60,2023年1月,565141
category130,2023年1月,559657
category279,2023年1月,554013
category192,2023年1月,523527
category243,2023年1月,460670
category245,2023年1月,418786
category280,2023年1月,392383
category263,2023年1月,374880
category109,2023年1月,362790
category30,2023年1月,357478
category259,2023年1月,340409
category242,2023年1月,336827
category166,2023年1月,332269
category48,2023年1月,326039
category86,2023年1月,291205
category95,2023年1月,288834
category200,2023年1月,269140
category299,2023年1月,268685
category313,2023年1月,264710
category237,2023年1月,262182
category61,2023年1月,257595
category283,2023年1月,228895
category32,2023年1月,226324
category195,2023年1月,225988
category128,2023年1月,225432
category15,2023年1月,215329
category63,2023年1月,212031
category77,2023年1月,203882
category104,2023年1月,202662
category303,2023年1月,202365
category12,2023年1月,198869
category282,2023年1月,184159
category185,2023年1月,183874
category262,2023年1月,179897
category188,2023年1月,174329
category266,2023年1月,173217
category223,2023年1月,163511
category186,2023年1月,163045
category161,2023年1月,162054
category250,2023年1月,160677
category191,2023年1月,152640
category286,2023年1月,152583
category203,2023年1月,152318
category58,2023年1月,149218
category325,2023年1月,145123
category17,2023年1月,142357
category240,2023年1月,140398
category285,2023年1月,139308
category97,2023年1月,135562
category47,2023年1月,133409
category198,2023年1月,132092
category44,2023年1月,130768
category29,2023年1月,126317
category316,2023年1月,124716
category151,2023年1月,124577
category89,2023年1月,122916
category190,2023年1月,119339
category247,2023年1月,117860
category56,2023年1月,110434
category124,2023年1月,109017
category93,2023年1月,108908
category62,2023年1月,108843
category171,2023年1月,106269
category129,2023年1月,103809
category273,2023年1月,101029
category160,2023年1月,98867
category35,2023年1月,98321
category16,2023年1月,97513
category135,2023年1月,92026
category154,2023年1月,91426
category72,2023年1月,88864
category196,2023年1月,88807
category236,2023年1月,88647
category253,2023年1月,86133
category248,2023年1月,85152
category51,2023年1月,83902
category169,2023年1月,83492
category103,2023年1月,82848
category275,2023年1月,82794
category232,2023年1月,82450
category267,2023年1月,81740
category24,2023年1月,79698
category241,2023年1月,78239
category226,2023年1月,77611
category152,2023年1月,77007
category80,2023年1月,76532
category143,2023年1月,73511
category121,2023年1月,73107
category71,2023年1月,70576
category297,2023年1月,70138
category107,2023年1月,69639
category165,2023年1月,69362
category146,2023年1月,69327
category307,2023年1月,69204
category45,2023年1月,65606
category321,2023年1月,64799
category73,2023年1月,63935
category136,2023年1月,62791
category208,2023年1月,62390
category184,2023年1月,62291
category122,2023年1月,61581
category173,2023年1月,60214
category233,2023年1月,59219
category46,2023年1月,58723
category138,2023年1月,58290
category33,2023年1月,58267
category281,2023年1月,57756
category322,2023年1月,56404
category293,2023年1月,55898
category26,2023年1月,52143
category79,2023年1月,49584
category139,2023年1月,49248
category287,2023年1月,48738
category85,2023年1月,46817
category8,2023年1月,46728
category324,2023年1月,44751
category296,2023年1月,44237
category183,2023年1月,42798
category13,2023年1月,41053
category118,2023年1月,40004
category28,2023年1月,39010
category49,2023年1月,34449
category38,2023年1月,33987
category239,2023年1月,33308
category43,2023年1月,32778
category88,2023年1月,32050
category27,2023年1月,31956
category295,2023年1月,31659
category114,2023年1月,30993
category94,2023年1月,28268
category215,2023年1月,27181
category258,2023年1月,26948
category163,2023年1月,25792
category70,2023年1月,25709
category227,2023年1月,25330
category256,2023年1月,24814
category105,2023年1月,24344
category331,2023年1月,24058
category300,2023年1月,23839
category205,2023年1月,23754
category116,2023年1月,22874
category229,2023年1月,22528
category140,2023年1月,22456
category284,2023年1月,22353
category228,2023年1月,21831
category156,2023年1月,20683
category238,2023年1月,20443
category318,2023年1月,19646
category172,2023年1月,18076
category271,2023年1月,16922
category123,2023年1月,16908
category194,2023年1月,16761
category214,2023年1月,16728
category268,2023年1月,16405
category261,2023年1月,16274
category257,2023年1月,15829
category182,2023年1月,15782
category100,2023年1月,15193
category189,2023年1月,14992
category108,2023年1月,14634
category127,2023年1月,14603
category157,2023年1月,14080
category53,2023年1月,14043
category25,2023年1月,13510
category176,2023年1月,13480
category234,2023年1月,13372
category91,2023年1月,12941
category323,2023年1月,12636
category59,2023年1月,12544
category90,2023年1月,12013
category305,2023年1月,11856
category18,2023年1月,11092
category78,2023年1月,11036
category64,2023年1月,10880
category132,2023年1月,10730
category272,2023年1月,10604
category158,2023年1月,10532
category22,2023年1月,10401
category178,2023年1月,9951
category144,2023年1月,9928
category311,2023年1月,9696
category11,2023年1月,9688
category76,2023年1月,9519
category52,2023年1月,9402
category14,2023年1月,8986
category201,2023年1月,8843
category211,2023年1月,8726
category119,2023年1月,8648
category231,2023年1月,8516
category246,2023年1月,8438
category74,2023年1月,8324
category174,2023年1月,8123
category264,2023年1月,7990
category147,2023年1月,7653
category218,2023年1月,7510
category110,2023年1月,7283
category177,2023年1月,7100
category75,2023年1月,6968
category270,2023年1月,6764
category4,2023年1月,6597
category222,2023年1月,6571
category1,2023年1月,6326
category111,2023年1月,6184
category224,2023年1月,6054
category204,2023年1月,6019
category34,2023年1月,6016
category333,2023年1月,6002
category292,2023年1月,5931
category277,2023年1月,5815
category155,2023年1月,5748
category202,2023年1月,5527
category252,2023年1月,5425
category290,2023年1月,5319
category150,2023年1月,5193
category19,2023年1月,5193
category306,2023年1月,5082
category312,2023年1月,4958
category341,2023年1月,4925
category320,2023年1月,4866
category175,2023年1月,4838
category314,2023年1月,4795
category66,2023年1月,4719
category125,2023年1月,4592
category255,2023年1月,4554
category145,2023年1月,4474
category212,2023年1月,4346
category168,2023年1月,4071
category112,2023年1月,4047
category347,2023年1月,3986
category101,2023年1月,3984
category98,2023年1月,3967
category5,2023年1月,3951
category117,2023年1月,3937
category39,2023年1月,3883
category251,2023年1月,3786
category340,2023年1月,3646
category67,2023年1月,3485
category230,2023年1月,3462
category3,2023年1月,3408
category217,2023年1月,3405
category301,2023年1月,3238
category302,2023年1月,3189
category23,2023年1月,3136
category120,2023年1月,3126
category180,2023年1月,3104
category278,2023年1月,2985
category92,2023年1月,2923
category289,2023年1月,2390
category265,2023年1月,2199
category342,2023年1月,2188
category133,2023年1月,2182
category113,2023年1月,2136
category346,2023年1月,2043
category99,2023年1月,1974
category126,2023年1月,1893
category81,2023年1月,1888
category220,2023年1月,1886
category350,2023年1月,1838
category106,2023年1月,1834
category68,2023年1月,1662
category179,2023年1月,1485
category96,2023年1月,1477
category298,2023年1月,1467
category335,2023年1月,1432
category199,2023年1月,1327
category310,2023年1月,1300
category148,2023年1月,1258
category162,2023年1月,1240
category291,2023年1月,1176
category206,2023年1月,1115
category269,2023年1月,1025
category57,2023年1月,988
category69,2023年1月,963
category319,2023年1月,834
category131,2023年1月,665
category181,2023年1月,651
category142,2023年1月,628
category41,2023年1月,596
category50,2023年1月,591
category235,2023年1月,585
category309,2023年1月,483
category349,2023年1月,481
category134,2023年1月,457
category6,2023年1月,442
category244,2023年1月,420
category55,2023年1月,416
category54,2023年1月,402
category329,2023年1月,400
category36,2023年1月,389
category344,2023年1月,386
category294,2023年1月,385
category149,2023年1月,359
category315,2023年1月,342
category193,2023年1月,304
category9,2023年1月,289
category328,2023年1月,277
category213,2023年1月,240
category317,2023年1月,232
category207,2023年1月,208
category338,2023年1月,202
category221,2023年1月,195
category31,2023年1月,165
category219,2023年1月,161
category216,2023年1月,144
category37,2023年1月,142
category115,2023年1月,124
category327,2023年1月,123
category343,2023年1月,122
category187,2023年1月,95
category334,2023年1月,70
category330,2023年1月,64
category167,2023年1月,63
category82,2023年1月,62
category83,2023年1月,62
category337,2023年1月,59
category339,2023年1月,52
category326,2023年1月,51
category260,2023年1月,48
category249,2023年1月,34
category170,2023年1月,31
category159,2023年1月,25
category274,2023年1月,18
category7,2023年1月,16
category345,2023年1月,14
category336,2023年1月,12
category348,2023年1月,12
category288,2023年1月,11
category10,2023年1月,9
category332,2023年1月,7
category304,2023年1月,2
category210,2023年1月,1
category84,2023年2月,3431261
category225,2023年2月,2890619
category21,2023年2月,2651531
category42,2023年2月,2349618
category141,2023年2月,1731460
category254,2023年2月,1565495
category209,2023年2月,1273423
category137,2023年2月,1066015
category153,2023年2月,913943
category20,2023年2月,770605
category40,2023年2月,739347
category197,2023年2月,717202
category2,2023年2月,699126
category308,2023年2月,671128
category130,2023年2月,655199
category276,2023年2月,637785
category164,2023年2月,599986
category65,2023年2月,585978
category102,2023年2月,576453
category87,2023年2月,539584
category60,2023年2月,530045
category279,2023年2月,510534
category243,2023年2月,404188
category109,2023年2月,371221
category245,2023年2月,369240
category263,2023年2月,358996
category30,2023年2月,322427
category166,2023年2月,318594
category280,2023年2月,307135
category259,2023年2月,304729
category86,2023年2月,279656
category95,2023年2月,270819
category237,2023年2月,263018
category299,2023年2月,260797
category48,2023年2月,252358
category32,2023年2月,245278
category242,2023年2月,237744
category303,2023年2月,224622
category44,2023年2月,220917
category128,2023年2月,213641
category185,2023年2月,200039
category63,2023年2月,199950
category200,2023年2月,199926
category313,2023年2月,191451
category15,2023年2月,190842
category195,2023年2月,189946
category61,2023年2月,189900
category77,2023年2月,188778
category192,2023年2月,187028
category283,2023年2月,184173
category58,2023年2月,164451
category282,2023年2月,164370
category191,2023年2月,162505
category223,2023年2月,160354
category262,2023年2月,160079
category104,2023年2月,158789
category250,2023年2月,155704
category286,2023年2月,150134
category266,2023年2月,148553
category29,2023年2月,137328
category17,2023年2月,130127
category240,2023年2月,129451
category186,2023年2月,129379
category47,2023年2月,129297
category203,2023年2月,126469
category316,2023年2月,125996
category188,2023年2月,122964
category12,2023年2月,122945
category151,2023年2月,117729
category97,2023年2月,115287
category247,2023年2月,114798
category161,2023年2月,110793
category325,2023年2月,110316
category285,2023年2月,110145
category248,2023年2月,103791
category89,2023年2月,100702
category160,2023年2月,99852
category93,2023年2月,99211
category190,2023年2月,92567
category62,2023年2月,90994
category16,2023年2月,90909
category198,2023年2月,90790
category169,2023年2月,90516
category51,2023年2月,89265
category135,2023年2月,88765
category273,2023年2月,85711
category253,2023年2月,83921
category154,2023年2月,83337
category35,2023年2月,82994
category129,2023年2月,82729
category196,2023年2月,81906
category72,2023年2月,81455
category267,2023年2月,80252
category236,2023年2月,78828
category232,2023年2月,76368
category56,2023年2月,75816
category107,2023年2月,75051
category226,2023年2月,70649
category307,2023年2月,69423
category80,2023年2月,67900
category143,2023年2月,67813
category24,2023年2月,67693
category71,2023年2月,67486
category139,2023年2月,67406
category275,2023年2月,66963
category73,2023年2月,65033
category124,2023年2月,62838
category165,2023年2月,62039
category321,2023年2月,61329
category121,2023年2月,61220
category103,2023年2月,60542
category241,2023年2月,60371
category233,2023年2月,60276
category171,2023年2月,60146
category146,2023年2月,59841
category136,2023年2月,59719
category152,2023年2月,59435
category45,2023年2月,59229
category297,2023年2月,58646
category33,2023年2月,57032
category293,2023年2月,56904
category46,2023年2月,55661
category322,2023年2月,54851
category138,2023年2月,54218
category173,2023年2月,54091
category208,2023年2月,50405
category122,2023年2月,49804
category281,2023年2月,49325
category85,2023年2月,46895
category8,2023年2月,43692
category26,2023年2月,43430
category184,2023年2月,42861
category324,2023年2月,42138
category13,2023年2月,39624
category296,2023年2月,39587
category38,2023年2月,39393
category28,2023年2月,38060
category183,2023年2月,37403
category287,2023年2月,35055
category49,2023年2月,33576
category88,2023年2月,31000
category239,2023年2月,30479
category295,2023年2月,30122
category27,2023年2月,28955
category70,2023年2月,28415
category79,2023年2月,28217
category118,2023年2月,27962
category94,2023年2月,27952
category163,2023年2月,27281
category114,2023年2月,26436
category116,2023年2月,26104
category43,2023年2月,24857
category105,2023年2月,24094
category256,2023年2月,23712
category205,2023年2月,23452
category229,2023年2月,23032
category215,2023年2月,21597
category140,2023年2月,19509
category258,2023年2月,19328
category318,2023年2月,19291
category53,2023年2月,18208
category284,2023年2月,18110
category331,2023年2月,16617
category238,2023年2月,16545
category300,2023年2月,16289
category227,2023年2月,15965
category261,2023年2月,15153
category268,2023年2月,15017
category214,2023年2月,14868
category228,2023年2月,14446
category194,2023年2月,13899
category127,2023年2月,13786
category123,2023年2月,13662
category257,2023年2月,13487
category189,2023年2月,13244
category91,2023年2月,12806
category204,2023年2月,12326
category25,2023年2月,12094
category90,2023年2月,11913
category59,2023年2月,11875
category157,2023年2月,11821
category311,2023年2月,11615
category176,2023年2月,11143
category271,2023年2月,10860
category272,2023年2月,10604
category22,2023年2月,10175
category156,2023年2月,9664
category305,2023年2月,9633
category108,2023年2月,9569
category172,2023年2月,9565
category11,2023年2月,9535
category78,2023年2月,9081
category234,2023年2月,8767
category211,2023年2月,8648
category202,2023年2月,8364
category158,2023年2月,8356
category100,2023年2月,8277
category218,2023年2月,8090
category52,2023年2月,8051
category64,2023年2月,8036
category18,2023年2月,7996
category201,2023年2月,7900
category182,2023年2月,7851
category14,2023年2月,7761
category76,2023年2月,7688
category174,2023年2月,6910
category347,2023年2月,6863
category323,2023年2月,6813
category4,2023年2月,6598
category132,2023年2月,6310
category178,2023年2月,6302
category74,2023年2月,6260
category246,2023年2月,6246
category147,2023年2月,6134
category333,2023年2月,6002
category34,2023年2月,5759
category1,2023年2月,5718
category66,2023年2月,5646
category75,2023年2月,5622
category224,2023年2月,5586
category270,2023年2月,5411
category119,2023年2月,5391
category177,2023年2月,5295
category144,2023年2月,5294
category117,2023年2月,5123
category222,2023年2月,5001
category110,2023年2月,4877
category150,2023年2月,4866
category320,2023年2月,4631
category252,2023年2月,4594
category292,2023年2月,4469
category212,2023年2月,4423
category290,2023年2月,4302
category175,2023年2月,4265
category111,2023年2月,4230
category125,2023年2月,4194
category277,2023年2月,4184
category92,2023年2月,4103
category306,2023年2月,3970
category98,2023年2月,3948
category23,2023年2月,3922
category155,2023年2月,3833
category5,2023年2月,3812
category3,2023年2月,3761
category168,2023年2月,3734
category39,2023年2月,3730
category217,2023年2月,3697
category231,2023年2月,3445
category67,2023年2月,3392
category264,2023年2月,3296
category180,2023年2月,3291
category19,2023年2月,3171
category230,2023年2月,3078
category120,2023年2月,3044
category145,2023年2月,2886
category341,2023年2月,2693
category312,2023年2月,2653
category251,2023年2月,2546
category278,2023年2月,2515
category101,2023年2月,2391
category302,2023年2月,2331
category255,2023年2月,2321
category314,2023年2月,2264
category301,2023年2月,2229
category113,2023年2月,2206
category340,2023年2月,2201
category99,2023年2月,2133
category126,2023年2月,2087
category346,2023年2月,1921
category179,2023年2月,1869
category133,2023年2月,1858
category220,2023年2月,1776
category131,2023年2月,1634
category298,2023年2月,1578
category265,2023年2月,1464
category96,2023年2月,1392
category112,2023年2月,1327
category310,2023年2月,1288
category106,2023年2月,1236
category199,2023年2月,1206
category350,2023年2月,1119
category269,2023年2月,1086
category69,2023年2月,987
category68,2023年2月,939
category206,2023年2月,928
category289,2023年2月,815
category81,2023年2月,809
category162,2023年2月,798
category335,2023年2月,755
category319,2023年2月,689
category142,2023年2月,637
category181,2023年2月,635
category235,2023年2月,604
category149,2023年2月,574
category291,2023年2月,492
category57,2023年2月,483
category50,2023年2月,461
category134,2023年2月,458
category55,2023年2月,408
category213,2023年2月,407
category244,2023年2月,403
category329,2023年2月,401
category328,2023年2月,398
category349,2023年2月,360
category10,2023年2月,359
category6,2023年2月,338
category41,2023年2月,332
category193,2023年2月,323
category344,2023年2月,288
category294,2023年2月,272
category327,2023年2月,268
category36,2023年2月,252
category315,2023年2月,225
category317,2023年2月,196
category167,2023年2月,185
category9,2023年2月,183
category148,2023年2月,177
category31,2023年2月,162
category338,2023年2月,159
category219,2023年2月,155
category221,2023年2月,153
category343,2023年2月,124
category309,2023年2月,119
category207,2023年2月,116
category37,2023年2月,113
category216,2023年2月,109
category342,2023年2月,105
category115,2023年2月,96
category337,2023年2月,95
category54,2023年2月,82
category82,2023年2月,69
category83,2023年2月,67
category187,2023年2月,59
category334,2023年2月,56
category339,2023年2月,51
category326,2023年2月,45
category260,2023年2月,42
category210,2023年2月,37
category330,2023年2月,35
category274,2023年2月,34
category249,2023年2月,34
category159,2023年2月,25
category7,2023年2月,15
category345,2023年2月,13
category336,2023年2月,12
category348,2023年2月,11
category288,2023年2月,11
category170,2023年2月,10
category332,2023年2月,6
category304,2023年2月,2
category225,2023年3月,3133157
category84,2023年3月,2660037
category42,2023年3月,2064744
category21,2023年3月,2062100
category141,2023年3月,1653061
category254,2023年3月,1404770
category209,2023年3月,1256435
category137,2023年3月,841817
category40,2023年3月,821467
category308,2023年3月,659795
category2,2023年3月,650986
category276,2023年3月,646711
category153,2023年3月,645417
category20,2023年3月,638687
category197,2023年3月,628336
category279,2023年3月,567438
category65,2023年3月,547422
category60,2023年3月,519570
category102,2023年3月,489520
category164,2023年3月,444684
category87,2023年3月,439286
category130,2023年3月,435545
category109,2023年3月,390659
category259,2023年3月,340978
category263,2023年3月,336751
category245,2023年3月,333912
category243,2023年3月,325284
category280,2023年3月,308725
category237,2023年3月,300115
category30,2023年3月,298936
category166,2023年3月,284688
category48,2023年3月,281033
category95,2023年3月,279512
category86,2023年3月,276605
category32,2023年3月,271918
category299,2023年3月,239619
category61,2023年3月,211985
category313,2023年3月,199727
category104,2023年3月,198433
category15,2023年3月,197470
category195,2023年3月,194885
category44,2023年3月,190068
category242,2023年3月,188340
category283,2023年3月,184744
category128,2023年3月,182891
category200,2023年3月,179818
category223,2023年3月,176022
category262,2023年3月,171108
category185,2023年3月,161280
category188,2023年3月,156513
category77,2023年3月,154237
category303,2023年3月,153835
category286,2023年3月,148141
category186,2023年3月,143669
category203,2023年3月,141942
category191,2023年3月,141826
category240,2023年3月,137956
category63,2023年3月,136641
category17,2023年3月,133959
category47,2023年3月,131668
category282,2023年3月,129256
category266,2023年3月,128340
category58,2023年3月,125860
category151,2023年3月,125703
category285,2023年3月,125333
category316,2023年3月,123661
category89,2023年3月,123657
category97,2023年3月,122596
category325,2023年3月,121201
category161,2023年3月,120451
category62,2023年3月,118261
category250,2023年3月,113202
category72,2023年3月,111815
category29,2023年3月,111332
category247,2023年3月,110102
category253,2023年3月,103189
category12,2023年3月,101330
category129,2023年3月,96786
category169,2023年3月,95143
category190,2023年3月,93486
category196,2023年3月,91061
category135,2023年3月,90813
category93,2023年3月,89405
category275,2023年3月,87733
category16,2023年3月,87479
category226,2023年3月,83949
category35,2023年3月,83426
category154,2023年3月,83395
category232,2023年3月,80966
category24,2023年3月,79433
category267,2023年3月,79086
category192,2023年3月,78899
category248,2023年3月,78255
category160,2023年3月,77097
category107,2023年3月,76425
category56,2023年3月,74805
category152,2023年3月,74638
category273,2023年3月,73575
category80,2023年3月,72757
category171,2023年3月,72603
category236,2023年3月,70829
category51,2023年3月,69498
category121,2023年3月,69455
category183,2023年3月,67801
category124,2023年3月,67332
category103,2023年3月,66941
category307,2023年3月,66017
category293,2023年3月,65899
category165,2023年3月,64985
category281,2023年3月,63969
category198,2023年3月,63886
category33,2023年3月,63333
category73,2023年3月,63129
category184,2023年3月,61536
category139,2023年3月,60765
category287,2023年3月,59786
category136,2023年3月,57846
category45,2023年3月,56507
category146,2023年3月,55835
category46,2023年3月,55671
category143,2023年3月,54625
category173,2023年3月,54193
category38,2023年3月,54172
category297,2023年3月,54054
category138,2023年3月,53681
category241,2023年3月,53479
category322,2023年3月,51410
category321,2023年3月,50754
category85,2023年3月,47696
category71,2023年3月,46390
category26,2023年3月,45563
category8,2023年3月,45420
category233,2023年3月,44011
category208,2023年3月,43757
category324,2023年3月,43400
category122,2023年3月,40741
category296,2023年3月,39729
category13,2023年3月,37887
category118,2023年3月,35946
category28,2023年3月,35670
category49,2023年3月,34137
category70,2023年3月,31657
category88,2023年3月,29615
category239,2023年3月,29028
category229,2023年3月,28763
category27,2023年3月,27796
category94,2023年3月,27496
category258,2023年3月,26997
category43,2023年3月,26025
category114,2023年3月,25742
category140,2023年3月,25203
category295,2023年3月,25113
category105,2023年3月,24815
category79,2023年3月,24738
category331,2023年3月,24553
category205,2023年3月,24467
category163,2023年3月,24087
category228,2023年3月,24022
category215,2023年3月,23443
category256,2023年3月,23127
category300,2023年3月,22598
category268,2023年3月,22393
category116,2023年3月,19532
category156,2023年3月,19152
category318,2023年3月,19069
category194,2023年3月,18244
category257,2023年3月,17923
category261,2023年3月,17832
category238,2023年3月,17690
category108,2023年3月,16923
category227,2023年3月,15542
category59,2023年3月,15535
category53,2023年3月,15280
category127,2023年3月,14432
category214,2023年3月,14339
category311,2023年3月,13635
category123,2023年3月,13270
category271,2023年3月,12627
category91,2023年3月,12346
category284,2023年3月,12291
category176,2023年3月,12090
category25,2023年3月,11921
category172,2023年3月,11349
category178,2023年3月,11310
category90,2023年3月,11136
category100,2023年3月,11073
category64,2023年3月,10840
category305,2023年3月,10747
category204,2023年3月,10675
category272,2023年3月,10632
category52,2023年3月,9634
category157,2023年3月,9611
category255,2023年3月,9441
category158,2023年3月,9295
category22,2023年3月,9293
category78,2023年3月,9086
category201,2023年3月,8897
category11,2023年3月,8595
category202,2023年3月,8565
category246,2023年3月,8393
category211,2023年3月,8239
category18,2023年3月,7798
category224,2023年3月,7310
category218,2023年3月,7171
category34,2023年3月,7001
category74,2023年3月,6940
category264,2023年3月,6930
category14,2023年3月,6771
category117,2023年3月,6693
category4,2023年3月,6610
category76,2023年3月,6235
category110,2023年3月,6208
category234,2023年3月,6028
category174,2023年3月,6014
category333,2023年3月,6002
category252,2023年3月,5927
category1,2023年3月,5871
category222,2023年3月,5852
category189,2023年3月,5843
category320,2023年3月,5782
category75,2023年3月,5759
category19,2023年3月,5586
category3,2023年3月,5410
category277,2023年3月,5066
category144,2023年3月,5024
category147,2023年3月,4996
category132,2023年3月,4909
category39,2023年3月,4853
category119,2023年3月,4832
category177,2023年3月,4389
category290,2023年3月,4376
category155,2023年3月,4358
category125,2023年3月,4346
category347,2023年3月,4160
category270,2023年3月,4065
category292,2023年3月,4038
category98,2023年3月,3986
category217,2023年3月,3945
category302,2023年3月,3860
category112,2023年3月,3859
category23,2023年3月,3855
category5,2023年3月,3762
category323,2023年3月,3751
category168,2023年3月,3718
category150,2023年3月,3668
category212,2023年3月,3665
category145,2023年3月,3533
category231,2023年3月,3488
category67,2023年3月,3328
category66,2023年3月,3316
category101,2023年3月,3235
category306,2023年3月,3193
category301,2023年3月,2822
category111,2023年3月,2764
category230,2023年3月,2739
category251,2023年3月,2637
category312,2023年3月,2625
category113,2023年3月,2435
category278,2023年3月,2362
category289,2023年3月,2330
category120,2023年3月,2314
category182,2023年3月,2308
category179,2023年3月,2298
category162,2023年3月,2259
category298,2023年3月,2245
category92,2023年3月,2221
category81,2023年3月,2199
category131,2023年3月,2156
category314,2023年3月,2097
category340,2023年3月,2066
category126,2023年3月,2061
category133,2023年3月,1890
category341,2023年3月,1869
category180,2023年3月,1860
category99,2023年3月,1789
category346,2023年3月,1711
category175,2023年3月,1634
category220,2023年3月,1485
category96,2023年3月,1469
category265,2023年3月,1443
category10,2023年3月,1373
category68,2023年3月,1360
category310,2023年3月,1272
category342,2023年3月,1247
category199,2023年3月,1245
category350,2023年3月,1107
category148,2023年3月,1059
category69,2023年3月,1031
category57,2023年3月,1021
category269,2023年3月,979
category206,2023年3月,945
category343,2023年3月,896
category36,2023年3月,883
category106,2023年3月,755
category142,2023年3月,720
category319,2023年3月,693
category291,2023年3月,669
category50,2023年3月,602
category207,2023年3月,598
category181,2023年3月,593
category309,2023年3月,588
category41,2023年3月,579
category187,2023年3月,558
category344,2023年3月,555
category55,2023年3月,490
category235,2023年3月,474
category328,2023年3月,465
category134,2023年3月,456
category329,2023年3月,401
category149,2023年3月,399
category335,2023年3月,398
category244,2023年3月,389
category213,2023年3月,388
category6,2023年3月,328
category221,2023年3月,304
category193,2023年3月,284
category54,2023年3月,276
category349,2023年3月,231
category315,2023年3月,228
category167,2023年3月,189
category327,2023年3月,170
category338,2023年3月,168
category37,2023年3月,164
category9,2023年3月,160
category219,2023年3月,160
category31,2023年3月,159
category115,2023年3月,155
category317,2023年3月,155
category334,2023年3月,126
category337,2023年3月,71
category216,2023年3月,67
category294,2023年3月,67
category83,2023年3月,65
category82,2023年3月,59
category339,2023年3月,49
category260,2023年3月,37
category249,2023年3月,34
category274,2023年3月,27
category170,2023年3月,26
category159,2023年3月,25
category330,2023年3月,19
category210,2023年3月,15
category7,2023年3月,14
category348,2023年3月,11
category288,2023年3月,11
category345,2023年3月,11
category336,2023年3月,9
category332,2023年3月,6
category304,2023年3月,2
category326,2023年3月,1
category225,2023年4月,2770633
category84,2023年4月,2090701
category42,2023年4月,1763945
category21,2023年4月,1625555
category141,2023年4月,1566902
category209,2023年4月,1406055
category254,2023年4月,1305514
category137,2023年4月,813666
category197,2023年4月,656664
category276,2023年4月,637023
category308,2023年4月,613699
category20,2023年4月,559506
category2,2023年4月,558724
category40,2023年4月,538270
category279,2023年4月,503826
category60,2023年4月,501323
category65,2023年4月,467717
category164,2023年4月,465207
category153,2023年4月,462699
category87,2023年4月,400140
category109,2023年4月,396361
category102,2023年4月,384087
category259,2023年4月,382082
category130,2023年4月,365006
category263,2023年4月,310823
category95,2023年4月,308860
category243,2023年4月,305045
category245,2023年4月,288718
category166,2023年4月,283033
category30,2023年4月,274416
category32,2023年4月,274051
category104,2023年4月,269019
category237,2023年4月,259190
category86,2023年4月,256274
category280,2023年4月,244247
category299,2023年4月,241548
category313,2023年4月,239259
category61,2023年4月,234350
category226,2023年4月,228473
category283,2023年4月,203170
category48,2023年4月,199995
category262,2023年4月,191121
category200,2023年4月,187439
category15,2023年4月,183711
category128,2023年4月,182095
category242,2023年4月,176758
category195,2023年4月,175216
category286,2023年4月,174230
category44,2023年4月,169019
category77,2023年4月,165495
category240,2023年4月,164948
category186,2023年4月,156782
category188,2023年4月,156009
category185,2023年4月,151839
category266,2023年4月,151803
category47,2023年4月,147840
category89,2023年4月,143386
category191,2023年4月,141320
category223,2023年4月,140114
category316,2023年4月,138573
category183,2023年4月,135161
category129,2023年4月,133312
category17,2023年4月,133131
category325,2023年4月,126520
category161,2023年4月,126370
category282,2023年4月,125787
category247,2023年4月,125714
category203,2023年4月,123625
category285,2023年4月,120042
category29,2023年4月,119968
category303,2023年4月,115907
category62,2023年4月,114267
category58,2023年4月,112246
category124,2023年4月,110668
category190,2023年4月,108283
category151,2023年4月,107137
category250,2023年4月,105239
category72,2023年4月,105156
category196,2023年4月,104614
category253,2023年4月,100620
category16,2023年4月,100318
category169,2023年4月,98776
category135,2023年4月,97125
category12,2023年4月,93481
category232,2023年4月,92401
category152,2023年4月,92394
category24,2023年4月,91122
category97,2023年4月,90206
category107,2023年4月,87938
category93,2023年4月,83732
category275,2023年4月,82027
category154,2023年4月,80007
category80,2023年4月,79221
category248,2023年4月,77589
category267,2023年4月,77376
category33,2023年4月,75985
category287,2023年4月,75457
category73,2023年4月,75425
category165,2023年4月,75215
category121,2023年4月,70491
category56,2023年4月,70223
category160,2023年4月,67744
category38,2023年4月,67477
category236,2023年4月,66572
category293,2023年4月,65357
category307,2023年4月,64993
category138,2023年4月,64385
category273,2023年4月,64222
category45,2023年4月,63232
category103,2023年4月,63041
category184,2023年4月,61553
category146,2023年4月,60279
category35,2023年4月,60194
category51,2023年4月,59745
category46,2023年4月,59684
category192,2023年4月,59625
category136,2023年4月,58959
category143,2023年4月,57986
category322,2023年4月,57361
category281,2023年4月,56378
category198,2023年4月,56049
category297,2023年4月,55465
category85,2023年4月,52745
category173,2023年4月,51582
category241,2023年4月,50768
category208,2023年4月,48201
category26,2023年4月,47253
category324,2023年4月,46873
category122,2023年4月,44718
category296,2023年4月,44148
category321,2023年4月,44087
category8,2023年4月,43691
category171,2023年4月,43683
category139,2023年4月,43155
category118,2023年4月,42200
category28,2023年4月,40959
category13,2023年4月,39582
category114,2023年4月,39419
category71,2023年4月,38062
category233,2023年4月,38012
category49,2023年4月,35807
category63,2023年4月,35593
category229,2023年4月,33101
category256,2023年4月,30802
category27,2023年4月,30786
category88,2023年4月,30177
category295,2023年4月,29959
category258,2023年4月,29723
category140,2023年4月,27898
category70,2023年4月,27488
category163,2023年4月,27349
category331,2023年4月,27201
category105,2023年4月,27049
category215,2023年4月,25582
category79,2023年4月,25374
category43,2023年4月,23536
category94,2023年4月,23330
category228,2023年4月,23066
category205,2023年4月,21323
category239,2023年4月,21264
category300,2023年4月,19999
category268,2023年4月,19571
category156,2023年4月,19532
category59,2023年4月,19498
category318,2023年4月,19158
category257,2023年4月,19020
category127,2023年4月,18573
category194,2023年4月,17339
category108,2023年4月,16498
category261,2023年4月,16440
category53,2023年4月,16355
category178,2023年4月,16257
category214,2023年4月,15306
category116,2023年4月,15203
category227,2023年4月,15054
category271,2023年4月,14023
category238,2023年4月,13915
category123,2023年4月,13909
category18,2023年4月,13810
category176,2023年4月,13243
category25,2023年4月,12985
category284,2023年4月,12282
category91,2023年4月,12193
category189,2023年4月,11889
category90,2023年4月,11701
category64,2023年4月,11527
category100,2023年4月,11467
category52,2023年4月,11398
category255,2023年4月,11369
category78,2023年4月,10134
category22,2023年4月,10092
category305,2023年4月,9804
category74,2023年4月,9317
category157,2023年4月,9309
category204,2023年4月,9244
category272,2023年4月,8999
category264,2023年4月,8451
category172,2023年4月,8398
category277,2023年4月,8354
category311,2023年4月,8349
category211,2023年4月,8331
category202,2023年4月,8176
category75,2023年4月,8143
category158,2023年4月,8084
category252,2023年4月,7936
category246,2023年4月,7898
category4,2023年4月,7381
category34,2023年4月,7108
category224,2023年4月,7104
category110,2023年4月,6925
category201,2023年4月,6902
category218,2023年4月,6893
category3,2023年4月,6821
category14,2023年4月,6787
category1,2023年4月,6702
category320,2023年4月,6298
category117,2023年4月,6137
category174,2023年4月,6047
category222,2023年4月,6025
category333,2023年4月,6002
category76,2023年4月,5829
category19,2023年4月,5715
category347,2023年4月,5452
category39,2023年4月,5447
category145,2023年4月,5425
category125,2023年4月,5222
category150,2023年4月,5042
category11,2023年4月,4785
category217,2023年4月,4563
category147,2023年4月,4534
category212,2023年4月,4385
category302,2023年4月,4328
category155,2023年4月,4190
category98,2023年4月,4096
category168,2023年4月,3977
category177,2023年4月,3902
category23,2023年4月,3836
category306,2023年4月,3783
category269,2023年4月,3768
category119,2023年4月,3671
category234,2023年4月,3622
category101,2023年4月,3515
category270,2023年4月,3498
category199,2023年4月,3495
category111,2023年4月,3438
category290,2023年4月,3394
category231,2023年4月,3375
category132,2023年4月,3355
category67,2023年4月,3260
category144,2023年4月,3068
category230,2023年4月,2989
category112,2023年4月,2763
category113,2023年4月,2688
category133,2023年4月,2587
category120,2023年4月,2582
category312,2023年4月,2554
category131,2023年4月,2550
category289,2023年4月,2479
category126,2023年4月,2413
category301,2023年4月,2397
category5,2023年4月,2226
category99,2023年4月,2223
category182,2023年4月,2170
category340,2023年4月,2029
category278,2023年4月,2021
category342,2023年4月,1999
category265,2023年4月,1974
category292,2023年4月,1866
category179,2023年4月,1785
category207,2023年4月,1648
category41,2023年4月,1607
category314,2023年4月,1569
category92,2023年4月,1548
category298,2023年4月,1468
category81,2023年4月,1444
category323,2023年4月,1441
category96,2023年4月,1438
category175,2023年4月,1437
category220,2023年4月,1434
category68,2023年4月,1399
category344,2023年4月,1351
category57,2023年4月,1306
category310,2023年4月,1257
category69,2023年4月,1211
category10,2023年4月,1162
category66,2023年4月,1150
category148,2023年4月,1139
category335,2023年4月,1115
category106,2023年4月,1074
category341,2023年4月,1060
category251,2023年4月,973
category162,2023年4月,927
category206,2023年4月,916
category346,2023年4月,874
category221,2023年4月,862
category343,2023年4月,860
category350,2023年4月,842
category319,2023年4月,814
category36,2023年4月,805
category142,2023年4月,761
category309,2023年4月,697
category180,2023年4月,664
category291,2023年4月,612
category6,2023年4月,587
category235,2023年4月,585
category50,2023年4月,570
category181,2023年4月,548
category55,2023年4月,539
category213,2023年4月,522
category328,2023年4月,457
category134,2023年4月,454
category329,2023年4月,401
category244,2023年4月,373
category149,2023年4月,357
category294,2023年4月,320
category9,2023年4月,279
category349,2023年4月,277
category193,2023年4月,257
category170,2023年4月,217
category315,2023年4月,215
category334,2023年4月,189
category317,2023年4月,178
category338,2023年4月,160
category31,2023年4月,156
category219,2023年4月,155
category115,2023年4月,145
category327,2023年4月,131
category167,2023年4月,123
category54,2023年4月,111
category83,2023年4月,104
category37,2023年4月,101
category82,2023年4月,83
category337,2023年4月,83
category216,2023年4月,78
category187,2023年4月,71
category339,2023年4月,49
category260,2023年4月,37
category274,2023年4月,35
category249,2023年4月,34
category330,2023年4月,34
category210,2023年4月,29
category159,2023年4月,25
category348,2023年4月,11
category7,2023年4月,10
category288,2023年4月,10
category345,2023年4月,9
category332,2023年4月,5
category336,2023年4月,4
category304,2023年4月,2
category326,2023年4月,1
category225,2023年5月,2723946
category254,2023年5月,1882343
category84,2023年5月,1846707
category42,2023年5月,1588575
category21,2023年5月,1555956
category141,2023年5月,1486768
category209,2023年5月,1397745
category137,2023年5月,816840
category197,2023年5月,718364
category308,2023年5月,636002
category276,2023年5月,628926
category20,2023年5月,594010
category279,2023年5月,559447
category65,2023年5月,556434
category60,2023年5月,548783
category2,2023年5月,546004
category164,2023年5月,480942
category40,2023年5月,458676
category87,2023年5月,416896
category102,2023年5月,415691
category109,2023年5月,407561
category259,2023年5月,382565
category153,2023年5月,374592
category104,2023年5月,334712
category243,2023年5月,330165
category245,2023年5月,317630
category130,2023年5月,310524
category263,2023年5月,304142
category95,2023年5月,290498
category237,2023年5月,290438
category86,2023年5月,287201
category30,2023年5月,277904
category32,2023年5月,264789
category61,2023年5月,259234
category313,2023年5月,255835
category280,2023年5月,254841
category166,2023年5月,253352
category226,2023年5月,247267
category77,2023年5月,236917
category299,2023年5月,230010
category283,2023年5月,219104
category266,2023年5月,218844
category15,2023年5月,190230
category262,2023年5月,186887
category186,2023年5月,186348
category188,2023年5月,183065
category195,2023年5月,174830
category242,2023年5月,171686
category223,2023年5月,167725
category185,2023年5月,162830
category200,2023年5月,160603
category89,2023年5月,159302
category183,2023年5月,158934
category286,2023年5月,158798
category128,2023年5月,158451
category44,2023年5月,155663
category124,2023年5月,155076
category240,2023年5月,154745
category191,2023年5月,150519
category48,2023年5月,144809
category129,2023年5月,142020
category17,2023年5月,138291
category196,2023年5月,137922
category62,2023年5月,134679
category316,2023年5月,133239
category47,2023年5月,133055
category282,2023年5月,132605
category203,2023年5月,131725
category161,2023年5月,129973
category169,2023年5月,127734
category29,2023年5月,122236
category325,2023年5月,121309
category247,2023年5月,118589
category250,2023年5月,116081
category303,2023年5月,114949
category58,2023年5月,109597
category152,2023年5月,105674
category253,2023年5月,104911
category24,2023年5月,102778
category79,2023年5月,102635
category151,2023年5月,101933
category285,2023年5月,97790
category190,2023年5月,97607
category97,2023年5月,97486
category248,2023年5月,95454
category287,2023年5月,93132
category135,2023年5月,92442
category16,2023年5月,92125
category154,2023年5月,90357
category72,2023年5月,89138
category232,2023年5月,81339
category93,2023年5月,78269
category103,2023年5月,78111
category12,2023年5月,78068
category208,2023年5月,77221
category107,2023年5月,76070
category165,2023年5月,76046
category146,2023年5月,74032
category73,2023年5月,71273
category80,2023年5月,71250
category192,2023年5月,71224
category273,2023年5月,69526
category121,2023年5月,69047
category38,2023年5月,68159
category33,2023年5月,66420
category307,2023年5月,66105
category56,2023年5月,64308
category236,2023年5月,63396
category293,2023年5月,63336
category267,2023年5月,61880
category281,2023年5月,59867
category275,2023年5月,58500
category160,2023年5月,58036
category46,2023年5月,57554
category138,2023年5月,57449
category136,2023年5月,57144
category297,2023年5月,57076
category45,2023年5月,56161
category184,2023年5月,55222
category122,2023年5月,53901
category26,2023年5月,53832
category171,2023年5月,53455
category322,2023年5月,52975
category35,2023年5月,52471
category173,2023年5月,51378
category143,2023年5月,50374
category85,2023年5月,50106
category8,2023年5月,49028
category198,2023年5月,47663
category28,2023年5月,47252
category51,2023年5月,47026
category241,2023年5月,46686
category321,2023年5月,45707
category49,2023年5月,44133
category324,2023年5月,42450
category139,2023年5月,41658
category256,2023年5月,40288
category296,2023年5月,39897
category114,2023年5月,37543
category255,2023年5月,37469
category13,2023年5月,37256
category233,2023年5月,36476
category118,2023年5月,36407
category258,2023年5月,35378
category194,2023年5月,34394
category331,2023年5月,33635
category71,2023年5月,33293
category163,2023年5月,31322
category215,2023年5月,29379
category27,2023年5月,28666
category295,2023年5月,28067
category63,2023年5月,28044
category88,2023年5月,27423
category229,2023年5月,25861
category105,2023年5月,25717
category94,2023年5月,24999
category140,2023年5月,24942
category239,2023年5月,24181
category70,2023年5月,22882
category43,2023年5月,22737
category300,2023年5月,22360
category257,2023年5月,20626
category228,2023年5月,20073
category156,2023年5月,19758
category268,2023年5月,19104
category318,2023年5月,18951
category205,2023年5月,18034
category227,2023年5月,17816
category261,2023年5月,17483
category108,2023年5月,16725
category123,2023年5月,16321
category127,2023年5月,16023
category271,2023年5月,15606
category74,2023年5月,15584
category59,2023年5月,14941
category178,2023年5月,14912
category53,2023年5月,14564
category116,2023年5月,14171
category252,2023年5月,14041
category214,2023年5月,13924
category75,2023年5月,13546
category238,2023年5月,13226
category311,2023年5月,13202
category157,2023年5月,13060
category204,2023年5月,12883
category25,2023年5月,12360
category176,2023年5月,12198
category18,2023年5月,11451
category284,2023年5月,11442
category189,2023年5月,11130
category264,2023年5月,11080
category78,2023年5月,10848
category90,2023年5月,10664
category34,2023年5月,10535
category91,2023年5月,10240
category100,2023年5月,9951
category64,2023年5月,9856
category52,2023年5月,9713
category172,2023年5月,9500
category22,2023年5月,9400
category305,2023年5月,9199
category14,2023年5月,9154
category272,2023年5月,8996
category246,2023年5月,8436
category110,2023年5月,8228
category158,2023年5月,8189
category211,2023年5月,7962
category218,2023年5月,7874
category3,2023年5月,7583
category320,2023年5月,7541
category145,2023年5月,7526
category302,2023年5月,7426
category76,2023年5月,7251
category11,2023年5月,6936
category202,2023年5月,6846
category4,2023年5月,6809
category277,2023年5月,6727
category1,2023年5月,6422
category174,2023年5月,6255
category111,2023年5月,6075
category333,2023年5月,6002
category222,2023年5月,5730
category117,2023年5月,5689
category224,2023年5月,5433
category217,2023年5月,5421
category201,2023年5月,5337
category19,2023年5月,5134
category39,2023年5月,4816
category312,2023年5月,4791
category212,2023年5月,4786
category230,2023年5月,4786
category147,2023年5月,4781
category270,2023年5月,4769
category98,2023年5月,4573
category155,2023年5月,4532
category125,2023年5月,4148
category177,2023年5月,3881
category168,2023年5月,3734
category306,2023年5月,3705
category81,2023年5月,3667
category101,2023年5月,3631
category231,2023年5月,3214
category290,2023年5月,3120
category113,2023年5月,3040
category119,2023年5月,3040
category67,2023年5月,3010
category347,2023年5月,2954
category150,2023年5月,2941
category133,2023年5月,2769
category120,2023年5月,2760
category23,2023年5月,2687
category162,2023年5月,2659
category199,2023年5月,2629
category144,2023年5月,2609
category234,2023年5月,2532
category265,2023年5月,2432
category289,2023年5月,2293
category112,2023年5月,2225
category182,2023年5月,2127
category344,2023年5月,2114
category99,2023年5月,2081
category340,2023年5月,2069
category126,2023年5月,2007
category309,2023年5月,1956
category330,2023年5月,1939
category92,2023年5月,1905
category278,2023年5月,1884
category301,2023年5月,1882
category269,2023年5月,1751
category175,2023年5月,1661
category179,2023年5月,1570
category148,2023年5月,1491
category131,2023年5月,1488
category298,2023年5月,1412
category207,2023年5月,1310
category96,2023年5月,1309
category68,2023年5月,1308
category132,2023年5月,1289
category220,2023年5月,1284
category106,2023年5月,1236
category69,2023年5月,1225
category291,2023年5月,1146
category221,2023年5月,1130
category9,2023年5月,1110
category310,2023年5月,1097
category206,2023年5月,1059
category57,2023年5月,1056
category41,2023年5月,1026
category314,2023年5月,1007
category180,2023年5月,976
category10,2023年5月,963
category292,2023年5月,947
category66,2023年5月,928
category342,2023年5月,919
category323,2023年5月,888
category142,2023年5月,881
category334,2023年5月,816
category335,2023年5月,790
category319,2023年5月,733
category50,2023年5月,719
category6,2023年5月,694
category36,2023年5月,649
category251,2023年5月,614
category343,2023年5月,611
category350,2023年5月,566
category341,2023年5月,561
category235,2023年5月,537
category149,2023年5月,527
category134,2023年5月,453
category328,2023年5月,435
category181,2023年5月,405
category329,2023年5月,401
category193,2023年5月,347
category244,2023年5月,337
category55,2023年5月,320
category213,2023年5月,303
category349,2023年5月,261
category315,2023年5月,225
category338,2023年5月,188
category170,2023年5月,180
category317,2023年5月,157
category294,2023年5月,150
category219,2023年5月,148
category346,2023年5月,148
category115,2023年5月,138
category31,2023年5月,135
category37,2023年5月,130
category167,2023年5月,123
category210,2023年5月,86
category337,2023年5月,75
category327,2023年5月,74
category83,2023年5月,73
category216,2023年5月,71
category82,2023年5月,68
category187,2023年5月,65
category249,2023年5月,35
category260,2023年5月,35
category274,2023年5月,34
category339,2023年5月,29
category5,2023年5月,28
category159,2023年5月,25
category54,2023年5月,15
category348,2023年5月,8
category7,2023年5月,8
category345,2023年5月,7
category288,2023年5月,5
category332,2023年5月,3
category304,2023年5月,2
category336,2023年5月,1
category326,2023年5月,1
category225,2023年6月,4676058
category84,2023年6月,2913526
category21,2023年6月,2708773
category254,2023年6月,2675098
category42,2023年6月,1808391
category141,2023年6月,1277890
category137,2023年6月,1228225
category2,2023年6月,1223950
category308,2023年6月,1136474
category209,2023年6月,1082572
category20,2023年6月,998721
category164,2023年6月,902611
category40,2023年6月,840585
category197,2023年6月,828850
category276,2023年6月,813532
category65,2023年6月,780094
category60,2023年6月,702849
category102,2023年6月,702408
category279,2023年6月,624793
category243,2023年6月,537836
category263,2023年6月,535916
category87,2023年6月,524962
category130,2023年6月,478360
category245,2023年6月,471092
category104,2023年6月,447620
category109,2023年6月,436790
category259,2023年6月,420015
category166,2023年6月,415544
category30,2023年6月,382503
category153,2023年6月,375739
category237,2023年6月,370230
category79,2023年6月,355053
category48,2023年6月,352067
category280,2023年6月,344781
category283,2023年6月,343098
category313,2023年6月,340130
category226,2023年6月,324197
category266,2023年6月,321537
category86,2023年6月,312809
category95,2023年6月,312524
category195,2023年6月,309631
category183,2023年6月,309461
category223,2023年6月,298804
category185,2023年6月,296732
category44,2023年6月,293967
category61,2023年6月,290319
category186,2023年6月,280435
category32,2023年6月,279942
category188,2023年6月,262725
category242,2023年6月,254362
category299,2023年6月,227752
category15,2023年6月,227671
category77,2023年6月,222482
category89,2023年6月,211673
category200,2023年6月,200514
category97,2023年6月,197663
category58,2023年6月,197643
category169,2023年6月,197194
category196,2023年6月,191849
category262,2023年6月,191040
category250,2023年6月,186386
category124,2023年6月,182624
category285,2023年6月,181772
category286,2023年6月,180584
category203,2023年6月,179799
category191,2023年6月,178510
category24,2023年6月,173477
category17,2023年6月,172457
category282,2023年6月,168591
category240,2023年6月,164765
category129,2023年6月,160529
category128,2023年6月,159945
category139,2023年6月,158324
category325,2023年6月,151895
category47,2023年6月,151795
category62,2023年6月,146222
category151,2023年6月,142904
category161,2023年6月,139717
category316,2023年6月,139592
category248,2023年6月,131476
category35,2023年6月,130378
category287,2023年6月,130141
category29,2023年6月,125996
category165,2023年6月,123688
category253,2023年6月,123649
category154,2023年6月,121397
category152,2023年6月,119770
category190,2023年6月,118111
category72,2023年6月,117986
category307,2023年6月,117695
category303,2023年6月,116331
category247,2023年6月,115852
category12,2023年6月,113440
category208,2023年6月,103070
category103,2023年6月,98836
category121,2023年6月,98387
category135,2023年6月,96619
category16,2023年6月,96316
category122,2023年6月,93559
category275,2023年6月,91494
category232,2023年6月,91354
category93,2023年6月,90567
category192,2023年6月,89782
category107,2023年6月,84554
category273,2023年6月,84527
category229,2023年6月,82186
category80,2023年6月,80878
category146,2023年6月,78093
category281,2023年6月,78040
category198,2023年6月,76661
category194,2023年6月,76216
category73,2023年6月,74595
category173,2023年6月,73984
category236,2023年6月,73465
category33,2023年6月,72271
category56,2023年6月,72023
category8,2023年6月,69979
category184,2023年6月,69376
category38,2023年6月,68186
category297,2023年6月,67172
category293,2023年6月,64674
category26,2023年6月,64346
category45,2023年6月,61470
category46,2023年6月,60974
category136,2023年6月,59578
category160,2023年6月,58785
category241,2023年6月,58737
category138,2023年6月,57631
category171,2023年6月,57597
category321,2023年6月,56722
category143,2023年6月,54864
category85,2023年6月,54018
category322,2023年6月,53939
category331,2023年6月,53239
category51,2023年6月,52321
category71,2023年6月,51016
category233,2023年6月,49797
category28,2023年6月,49449
category53,2023年6月,48933
category49,2023年6月,47642
category324,2023年6月,46572
category296,2023年6月,42678
category118,2023年6月,42465
category258,2023年6月,39874
category256,2023年6月,39102
category239,2023年6月,38465
category215,2023年6月,38129
category13,2023年6月,37452
category59,2023年6月,36813
category255,2023年6月,36665
category114,2023年6月,34523
category88,2023年6月,33848
category70,2023年6月,32964
category94,2023年6月,31735
category27,2023年6月,31229
category228,2023年6月,29342
category63,2023年6月,28624
category43,2023年6月,28473
category295,2023年6月,27947
category238,2023年6月,27917
category140,2023年6月,27074
category163,2023年6月,26946
category267,2023年6月,26361
category202,2023年6月,25646
category300,2023年6月,25062
category156,2023年6月,24413
category252,2023年6月,22257
category257,2023年6月,20884
category271,2023年6月,20609
category5,2023年6月,20534
category123,2023年6月,19439
category205,2023年6月,19361
category261,2023年6月,18833
category284,2023年6月,18082
category227,2023年6月,17984
category268,2023年6月,17949
category78,2023年6月,17926
category178,2023年6月,17379
category108,2023年6月,17154
category127,2023年6月,16873
category157,2023年6月,16863
category176,2023年6月,16708
category74,2023年6月,16644
category189,2023年6月,16360
category264,2023年6月,16293
category116,2023年6月,15649
category214,2023年6月,14405
category318,2023年6月,14071
category172,2023年6月,13778
category204,2023年6月,13490
category145,2023年6月,13484
category25,2023年6月,13088
category100,2023年6月,12817
category246,2023年6月,12076
category18,2023年6月,11575
category34,2023年6月,11277
category309,2023年6月,11097
category22,2023年6月,10837
category90,2023年6月,10414
category64,2023年6月,10303
category234,2023年6月,10192
category105,2023年6月,10027
category52,2023年6月,9761
category75,2023年6月,9667
category222,2023年6月,9421
category272,2023年6月,9399
category277,2023年6月,9149
category76,2023年6月,8727
category14,2023年6月,8477
category3,2023年6月,8477
category201,2023年6月,8211
category217,2023年6月,8205
category218,2023年6月,8139
category4,2023年6月,8053
category265,2023年6月,8029
category110,2023年6月,7975
category158,2023年6月,7933
category211,2023年6月,7627
category11,2023年6月,7600
category305,2023年6月,7463
category111,2023年6月,7360
category212,2023年6月,7216
category320,2023年6月,7037
category131,2023年6月,6982
category311,2023年6月,6862
category342,2023年6月,6657
category91,2023年6月,6612
category177,2023年6月,6433
category39,2023年6月,6237
category1,2023年6月,6156
category117,2023年6月,6031
category333,2023年6月,6002
category330,2023年6月,5939
category312,2023年6月,5863
category224,2023年6月,5815
category98,2023年6月,5785
category302,2023年6月,5735
category174,2023年6月,5421
category147,2023年6月,5372
category101,2023年6月,5223
category270,2023年6月,5145
category347,2023年6月,5033
category150,2023年6月,4992
category81,2023年6月,4855
category125,2023年6月,4832
category19,2023年6月,4725
category144,2023年6月,4441
category112,2023年6月,4422
category207,2023年6月,4344
category230,2023年6月,4261
category291,2023年6月,4233
category155,2023年6月,4091
category41,2023年6月,4021
category168,2023年6月,3833
category231,2023年6月,3810
category133,2023年6月,3543
category306,2023年6月,3531
category290,2023年6月,3473
category301,2023年6月,3425
category199,2023年6月,3388
category92,2023年6月,3128
category126,2023年6月,3078
category269,2023年6月,3011
category344,2023年6月,2958
category113,2023年6月,2935
category120,2023年6月,2687
category23,2023年6月,2662
category289,2023年6月,2629
category340,2023年6月,2504
category292,2023年6月,2374
category99,2023年6月,2266
category278,2023年6月,2209
category180,2023年6月,2169
category175,2023年6月,2087
category182,2023年6月,2067
category106,2023年6月,2012
category220,2023年6月,1849
category319,2023年6月,1731
category119,2023年6月,1687
category334,2023年6月,1687
category314,2023年6月,1556
category298,2023年6月,1549
category67,2023年6月,1483
category179,2023年6月,1481
category148,2023年6月,1411
category350,2023年6月,1357
category162,2023年6月,1321
category69,2023年6月,1306
category251,2023年6月,1262
category221,2023年6月,1246
category68,2023年6月,1188
category57,2023年6月,1181
category9,2023年6月,1177
category206,2023年6月,1069
category132,2023年6月,1021
category142,2023年6月,969
category50,2023年6月,837
category181,2023年6月,825
category10,2023年6月,806
category66,2023年6月,797
category36,2023年6月,780
category341,2023年6月,758
category335,2023年6月,706
category6,2023年6月,691
category149,2023年6月,642
category323,2023年6月,622
category235,2023年6月,553
category326,2023年6月,544
category343,2023年6月,451
category96,2023年6月,444
category329,2023年6月,425
category328,2023年6月,392
category55,2023年6月,373
category37,2023年6月,367
category213,2023年6月,331
category244,2023年6月,330
category193,2023年6月,319
category310,2023年6月,288
category338,2023年6月,201
category134,2023年6月,187
category315,2023年6月,185
category349,2023年6月,168
category216,2023年6月,155
category115,2023年6月,150
category170,2023年6月,145
category346,2023年6月,140
category294,2023年6月,127
category317,2023年6月,127
category219,2023年6月,121
category83,2023年6月,106
category82,2023年6月,101
category210,2023年6月,101
category167,2023年6月,87
category337,2023年6月,73
category187,2023年6月,44
category274,2023年6月,39
category327,2023年6月,39
category31,2023年6月,37
category260,2023年6月,37
category249,2023年6月,33
category339,2023年6月,27
category159,2023年6月,25
category54,2023年6月,9
category348,2023年6月,7
category7,2023年6月,6
category288,2023年6月,4
category332,2023年6月,3
category345,2023年6月,2
category304,2023年6月,2
category336,2023年6月,1
